HolderAddress,Balance
0x8366a39CC670B4001A1121B8F6A443A643e40951,53699730642.24445671850412103
0x80Db362eAB104Ec378E19D0a3dCD5E84Bafd4bA3,15000000000.0
0xa11c6E33BB98B1f7b66726347c2d3b82254889e5,2356657715.612420729790125964
0xf0E5c30B68e832E97eB67e1e9281BAA5Bd4EA5C7,1895732060.367399630170119227
0x5A6751623861A8b6DbBbcc445638caba55aDd302,1577431176.34756139359979113
0x41591F4E2204a807f6da1ecEAb61Aa262689a16a,1398469649.667530294724622328
0x10c2473692259284a66A99B76C3afa9deF8Cc031,1008768117.601507181220836177
0x12959D8109D097fabc45eb9edD49649058159703,871084039.703029605914457157
0x2c14fFb5B2444eeB203800E9f01a98221b6E5611,813741505.254612438355159141
0x36A3A29E9cfa743b39E2E52728cA03A0fc62A0e1,738172171.924580956624784999
0x6B85bBCfb80D9AD5BC9F00e0e3f223D5Fee2d38b,727240330.565123951052060839
0x9982538F41f2ae29ddb9d3D9307010052984FDbB,690007445.361964286538252255
0x414486b2936bA36b59ff96184d55ED39E13a94BC,678101157.422160601306577532
0x697D4de58cE58cc849a4e158F7b452FADb9dB75b,557469906.86194364938775091
0x374D91a5674Fa7Cf86E725093b5848b97e1e13b4,476873606.209330467708896701
0x4DA2430E696ca01e0E68091b4cFA595B1Fd045F1,475486005.797170591138476533
0xeE821A4933054f4F47E5eCfFda924bDC65468A00,451941152.831457534401806441
0x0f053e31010FD346f3f7c59d71A19566B41CabD4,440908044.237475252090801366
0xdeC1D5476E25dD80ea41124B68b4000CBBfc0eF6,368115201.475885558267355491
0xAF25D554e5cC9aD2adea0d84d7aD7ae180f082C0,364524186.389635484228181841
0xd14e960DB87EaB85907b03eB23FC6F154664eA32,345310258.267547963099158795
0xC75c25821Fb6c2A9Fc40D9B2039c4F4BCe66FD96,343371319.383571127071677165
0xc8b0beB4A0C2716227a30e98f0124B0c1Ef5F302,341214604.657499812827155756
0x1d1f60733d63892761ab08A99190dcb26370dCa6,305894641.146958385739822468
0x63243D3388EBa15D553Eba393E2Ec62B8935c75B,292790588.026913240117070467
0xc468d513eE86be8653Caf59D7d7E96Ed5f1B5afe,278682659.197920694349334253
0x5736C077916B45318C9989aA47F4454f6C3cC561,266298620.337135351429925443
0x731F79f6D575fe2Df1b6c9f24a28963f2A1A01f3,255684935.881482324218878267
0x0C38fE6e3168D61F9d4Fa0440aA15d745E15fa7A,238887016.248125713968353105
0xA6c629171126405C55211C383d9C7fA8aff4c857,235078015.816127107017714842
0xD77033a7F57EBbadfCe5ADf9Ab086BD4C4b6C509,231936682.2732133720484194
0x42E3E447FC784A081D2162C95bea56fc2CbEF5bD,228375418.959797854019249165
0xdBa0513738a96503F2e833C12d4a46c3E13B83F8,207727361.391640163442962421
0xB182bF7DE1EF36a65891F9A256DEc1a5ADbaF6E7,185475512.125249637545091834
0x45d8BaF6Bb3cD8Be7aA5A3A4B61A969C019d5165,178227547.803024622967621695
0x5e8F5C57761275Dc89465AB707Efed9a519A030C,178093480.348115017847111259
0xae4e802F37D8beF6e313b9BF2dCfB9fbC9a022D9,176324381.467134186923525192
0x0Be37874612CbD0f18E2b38FBd11fbc443ad2a0c,176171971.702001182746883456
0xab59b3F411de6eC506f5721bB34e8C573F679395,173146363.855984003478168801
0x79ae7f0eccF445692855b56Aa672E3087DCD16E7,171756022.549598460631233323
0x1dFb56BF9dF6f1071eD0e1841D1B565B50b73360,171401624.589188297062860684
0x2254b804c64091457f48567e76feE730a05a4c2A,170382367.711472564677635358
0xf8B3b8432aB49Fe071F386f0917981994d7a164D,169314362.353803939356899662
0x1bda647C4432842FD0425eD00428b1ddDE7e21A2,169017816.81090036721590217
0x365a446a2c2f59428e5dAeBFa2Bc23D0e4d8b289,168297599.923258694095232617
0x8A3E6d8E8D08F68D480824646707D463F27655aB,164384318.076354054735335617
0x2466770743716A93A952B2752DdB552afadaBb75,162353225.286900446003560491
0xA70CB31295ca4e64703c6771cb2e83F3F28626a3,161680690.152138199892235405
0xa72A274fef289E5768d1644E224Ec5Cbb0cD8A81,159885802.202128513918637525
0xDa2Cd2ae90652eEfa67DeD9Df735d5bFB2F3B61F,158828169.543220267425346646
0xF722aA63dB9F694D453EfE5BE5f4404f8c29420b,156161694.254792234897634514
0x5fE2583FA72a6E41115bd59EB18AE4e6a2ec458f,155374382.394263462268822034
0x3Ead0D6f987C653b0a18b1ACE9976119144dA637,147238621.96979956546350911
0xeF0D517024EED7c8D46dcBd7d9431447feEa1d87,146519527.254337096190823252
0x3E80CFd39fe4aC207D674741156A29d9a9AabDe5,145181603.114820848128836527
0x4e3468951D49f2EEa976eD0D6e75fFCb44a9a544,145002246.296631322966743568
0x1B3A58c13723fd200258Cd2B4bD2708dF0cd5b46,144905451.623860487863797796
0x3875Cf68C36c223bbe9046EB60dd97376d90D498,142679472.006854050423796399
0xB2d5aa1f438a5B8D5C8CbE19F05Efb1f53080E9e,142438429.962812115697857809
0x4f82e73EDb06d29Ff62C91EC8f5Ff06571bdeb29,139410622.56638819222196361
0x23cB7A5b51e5795e9C9cFFA1963C83305dFb6a8f,135172799.888628407769592358
0x285c6C5BB53508A72dCf8E63E44BF0ae69bAABe9,134908157.499373756780752751
0x21d29BB977ef8635f32975F0893424185E6e5176,133868560.736039896313057939
0xeb3d2566CB66EDd6FbDF214FAf1D72E1f67dC425,132322095.735530898797291736
0xadf471dA503c9bE8D6B51B22A142747216da94a5,131349072.965308055219450855
0x63993C0094399d77A7C49B6669eDC1A971C68287,131225906.313908222783488538
0xf29Bfd92376CD48E63Fe9CAf815Cd0845E82618c,131017455.455566531764806929
0x453605C7400f902097a797dD99E170a355E77b63,130788228.514980283671139421
0xB290052d2Dc6BFE8Dc5fFf61CE67200147bB42BD,129299340.666882397937655783
0x2Eb84C206561b0F8773F8039508EFCD6a3F62cDe,127368146.073347437506930512
0x5f3ADA916b3D4f6964e99828BF4F9c58aAE85ce2,126159717.211399248510930575
0xc06AfF4273c51F33D73dd931F41578542cE79515,125690901.295078922192766152
0x1303Db2eBcEC8eBe990989f99B94EF081507E753,125510978.553943144705071646
0x49d501F603E3f2728b79E087095516e3Af4C7D47,124282878.066408034824771158
0x9B5C716Ab00C152a16cB3bd73BD16c297689de40,122496701.403776189049561113
0xd368306cdb2e5ef8F5B978B841C56d4Cd8Af2B08,120341328.371749274341249
0x1bF9E891F0970101913248FBE21B75595933b145,118310781.09797140365522444
0x21AAfD05e9229Ccc4828E382946750CF4205C873,115848557.575074866831470864
0x9690f281c397F7964CbD6AcA8cA56e28b15e91Ee,111098485.096055683683596292
0x240c89d718b6F48a395297c2f441b3aaf78ae592,110100732.945119039372072427
0xD8Ad1DCd153ae1aF43Fa776fC48672731061EFE8,107620568.504061288789907547
0x7791BBdF65010E96d4df13d2D982Ce9Ea3132502,106869316.500112535887785005
0x77956625f1d266695916f3BdEC96758C9A78A3FD,105927411.770808062564454189
0x7422D41b322e2F0846e50860444C09645e78a995,105706466.053771407273803347
0x5db8022E7C2C2FCE8bf7f1A3d4c5549F00e84428,104776314.315053824867294414
0x75d2ae0861661eF7479e9229A3E3e2CDd14DfB08,99738333.40892978514414146
0x4123Ffc81579e38dfFf74b75D8BdF21C41E62237,98181477.782100675176390386
0x52BC9F892A0d5DAaDCb889B080B18afbD3C64fFF,92343917.388378166158203862
0x1703592B87dd1045ABfEC459FF7Ee0c30a5fA1E9,90254899.106548749260294213
0x6143d0f76A9e79FCb5d11aE56F3114932C798b24,88572210.374342533105426539
0x60671cEEE0cAC8752C7EA88ECbe4c0f413FB4Dfc,86691180.293914512361206774
0x45F062189421981dA7d1c70db0F98F6027FAA9aa,84652666.87279022038694881
0xa8157a851dEe2719Cfc71c59df5D977615F15f01,82477600.886287214497062439
0xb58FBDC9A4209d8b1934415eb5F3D6A4c60a916C,82153217.154350813880323557
0xBC5584e409A3777114821998D4A43B53760A4655,81485591.591278809614309397
0xc43d4E2481D3345C60F82407f81Cc03e98B5d314,80223868.70635851461393355
0x7C77E136ff3767fdFB51d06A91517AB27A70aC99,79780856.519690320487770575
0xeFC8591519a2D8885C1b62C7de84ce906F22Fa78,78488642.185756061130894904
0x2310c1224d4C58f72AE78a69B95aa19459a626FE,77814296.852151981104244343
0x0897ee6318891f60637caBe74C8e1404164173a1,77799642.608306530410690356
0x0AB54AFbE107849Eaca99c327e5A5Cbe16b98253,74704527.424224617093298908
0xa89fB3fdDa863aaB28A11DB679eAc0c500595B96,74400516.988729234104115919
0x05f20Be65dB8C6aeE001b32E365dc61F3985470A,74016463.829267229449516188
0x7da4ECfEf94CFda6f7Cb02d30772abB1d6DBfB2d,72154393.117177484163849599
0xf5c4F3Dc02c3FB9279495a8fEF7B0741da956157,68399950.782443214150510549
0xDd6361491cD9a1ae7FC4B21e066468F33b08B6b4,67455902.026322284520263265
0xF79C67872Db18dAC19CCF4c3e5741AD4B77A63a8,67019951.74002433261154563
0x32a507b757ad7C1f55389897c4f049b3e601F46c,66243202.354047349079915689
0xc5e8239E66B19c1Fc2f915fDE81a2AfEb40638A9,65410512.146525745623842902
0x81488795718893359B1b35e47336708e677FEaF4,64576076.033135935324422144
0x08b285361dc0076E318dd391153932Cb74F5C2a9,64504971.166758395299288556
0xc0a97a20fF897396C05ac027a26210552639b15C,63264547.568755004874751832
0x03BB46194228c8fCff19051388fe887bFc40E866,63112241.860037699843210812
0xcF11597B3d3567e4310fDF74d8eD273B9ad4778C,60876241.859638979222428853
0x7356F936F47C0B2C06410F860b5F70f54d52058e,55994828.959322102475932029
0x4A6a12a90B18C2E52A6Eb61B83EbAEb747dC8F4D,55789869.971859796005339792
0x6392F9BFa27567669B065F870e60c8708a41722a,55104691.107413640903762154
0x36329d0a1Bcf432541491a1981100824e2A5b598,54356102.167353416776877299
0xD07D35EBb1Ba56380D05FbeF5ef32A69a204B1be,53999499.045377447233403148
0xF929637526Ac105493b5Fb2b8815B0f92d52Fba3,53775128.075361209441313768
0xd1831d6E08A71E226DEEccf648D70F7bD4b5b348,53184603.557937957912409851
0xa284b5cCB8f0Fb5E7e6016Ac250530faE8729e99,52999142.372363025292725967
0xEc3E4b50d8E56eA56a29Bd18F96B2D2A5721556D,51976336.545549678853386274
0x1577eA23Ea723260983E311220936bc6325f1F69,51067514.464328810611137894
0x1b9c9E68099dA1e7b82c54617e11eA152a45b001,48921529.1824411309985924
0x2329665C902edB0337194e5d8776443d2e3eb14E,48108798.092089626731669628
0xbDBdE7383CD5C1eD606be607d425D3ED4d6a0514,47884458.117891327884677708
0xaA620FE6F559537c40916B00F2f241D9Ecc53684,47713373.262282216334548219
0xe7A2E114668BDCB92644A2664cc17b761fF9dCDB,46413963.629919937189143761
0x9f864C662cb2e91B8c5AEB4cc5a5722840Be92AE,46408117.15078842996262634
0x806439573231efdb6130769Ca67b419f9a4f4E91,44881788.273614403874721467
0xF77Af4FECD8448A0548C46Ee1726Ed047ab0f772,43446835.474849879308251501
0x53cf3b32f6012B30771bcd8182dbFA1e22296C42,43373090.165904056483687287
0x428c219930aFBeA4FD938B8934c3dD859E52Bdbe,43191052.376005692896815566
0x01b9F91370e5F236Be6dEa4238b3D5550D148F16,42799962.583264280031715953
0xa1eA96C202C3d8A421f50c699672aC6F89c69df5,41457975.511065907990096521
0xBd81e5b6E5f3F26e66dc4615Fab5CA3A0E4658f6,41372037.279613477181814937
0x2ea3815a2Fd2891d1B0A61DC8Dad3854B1510c32,38833599.743798954241474506
0x4ACb6C4321253548a7d4Bb9C84032Cc4eE04bFD7,38273497.781801419029320469
0xAb1E86372d8559cF4b1d0538552B88EF8Ed4E7ee,37975119.854699963702016116
0xfa71C8000CE627c30fDC50ae861F28fD692915A3,37525552.538613421880520818
0x04CE9d04cE8615B2FBa79A5c3c4cDF9A75aa1165,37188452.192487034922630862
0x55e732A77d0776D3B904E6C7CD2b8e303239EA66,36984853.09887432716997165
0xca10E41511A6fCE4ffC114B049FFc1f8105a9f94,36515163.382945001005960324
0xDdd66DCb122FE2934388CC915071d545bd0c3c41,35382978.511558773381666226
0x905acf0189f05042b171b342c2E58a4A9460aC95,35072640.327568562746343077
0x97366632d8A80aE890c6273C6C6655a160C7C488,33985963.031069677811334342
0xf4661E2c22A2312590a7E4e3b3FE43AdE75b62e6,33911508.527792258316765664
0x2042422d4D132c462e7B1693ceD1457538810e3E,33588649.67666611948974019
0x59309A6cD7645C5DEC78b3645e6B7525A8dcB737,30727043.623971187648585922
0x2Ab95215eD39C358d6BbF365Eef30B9118f367e9,30604748.40818650462251679
0x94d6Fa4Ab0911e301c9ee06C07DBD21E50be7691,29252961.397735606418669568
0xA5b2eCf18CdA30e8Eb0EC850826d303F63fc266B,29076945.537992176284830096
0x991E0A9C387C029a59511059D7Ff86Ab8B4C0744,27472078.9395882954157071
0x8849d1549970ae317BC61891dD7Ec62DAf3f9010,26454631.59751718298189371
0x929da488A099F2898a7C8b57355EAB6114a9eDFB,25025857.96183396802264984
0xeA310C966D3Ff5E09c65487f1763B21361Eb71eF,24647342.205483379386330198
0x429b6dcA07fE2b1b4c078BC1544e5c8Eb5028FbB,23936337.760056838817040832
0x134CA4fee2a9B53007e1cDc811c8c06Fa05cf4dD,22032676.43844453954125343
0x84B9A30AF419984ad753522b316dBfaE5182a6c6,21857400.319194013387174732
0x3162ce2FbE73458A2cFE70C5421A395E5fF2e732,21243184.718859328479490688
0x0CF8a71e209C1D6599F992205FD4329e3744E78a,21069514.388520945014898915
0x82ae957b436A248c57C1100b0439414a0a091d5b,20801388.441137338849125765
0xbD53F70263D63b10de7DCA216e65158e8f769C94,20000000.008007003747457552
0x721ca4907Bf8f8D05b5CfcAA2B719f9c9f5Ccc53,19270596.493720815556351667
0xbC782A7e2d6C3191af8147E71fFBfBf2ab1Cf26D,19029713.805412142483229768
0x9A5d22a5176ab502beE9296ed22baeb44EF8e611,18757113.522492112227247895
0x03b7De5b445A4B215DcC88E013942169004B1F44,18543490.354683009250587958
0xd0A67cB08BE17475f4315a04C5F0Be3e200Ef66c,17606989.784238663695814283
0x1F96A7b7674a93B918AE05E5f0f40A978FA347c9,17293719.178410238771675955
0xb00527775B00D3C3212A661472B7e4258ff941D0,16939706.561086898599869934
0x7FC061222263A98529533A290c87d35fe2b0e8F8,16866119.4294927246670838
0xcA5b3bbB368Db39d223a9Fa57a577F9a98A03638,16210905.68529234605230152
0x00000000b32489dfb7AfFC3Dd84176AAf2C65D76,16207017.088758261363743516
0x3C710b9E3c2Ecdd522E51A073Ac7e8a2f5f6B14D,16109091.329590593915426996
0xa3ad0DC6b280ee4373306200444e2D5D1133B42C,15933811.635755202353595989
0xD971f1093aBe7dDcE784a6c36FcA828D0546AAF6,15916285.163283470228887316
0xf41938a9641100705aC20732aA8ED32428eCbD1c,15736756.853878675698041488
0xBe02a7b8a3197D61877B128C5ee10E56aEEb2a19,15677481.331371352575329917
0x854f09DBD7c9Fd93B52A1947b3Dd4b41582FFAdc,15424274.663548059503089733
0x4CF6EeC71d8e96B37Fec2Ca5eDB51D3b6fbaC24F,15185851.681067053866811404
0x65Ef89f8F94101785198Cfc419234C102A384F62,14794215.115912223168424898
0x90830a6447A38eEE038e3B1E5c7bdF9d6807A387,14728939.364662919749371564
0x8208722cAD4A324c3F1acA0421F5C73b2488ee27,14671708.4815339551741764
0x1BDAe22095AbA616d18a7C861F5b2F7849449332,14399570.649556565116428649
0xB6333469BFaB2172e71682484C388eb09713d348,14322319.416180633146303878
0x8CC371f92a1Da4eFad7b7588802bE5823F4397F3,14113000.209526132902452419
0x16b44bc6926d97710D7286123B616F775d218643,14067582.808930751130726228
0xf34769Dc3ab267FfB4BCFf29c4F76C2F15aC2D0b,14066881.521848655014648353
0x4aCc7d3828121d4e5F91c440842CD7C6a2082b17,13929512.812847019272572083
0xb0e1bc1fa6a3c432B020E59B62a16f758F3ab904,13783567.970806414587635137
0x85983526FCB1ac1fB3889ced77Ba4ed1445Cf4C4,13675030.700722234519246928
0xAC6eE6D55DB3dE6F57Fe4c2bfAa4C1261465c394,13433558.183734165154292711
0xfa405FEFd9573140A78Cfd97Da99d521c5F38dEF,12780642.180677734919545637
0x6C85391fBb06Ab081EBacBa87F9F6070cEd7af60,12695551.972059622386371148
0xDD238C3Eb92517763A64ea476Fb41ed4deD44d4A,12460049.077968184431425915
0x90199159d5e9EF59fb1bB25480543d2313EA548a,12455198.403085863892446607
0xf9041aE3c0478CC25AeBFe7dd8Bc681B6FFcb5dE,12427277.465759105513258992
0x13eCb1E674241cd487Bb4658e7663b1405c0D555,12246208.037002792567792626
0x9549baf50ef42DCb3EAbd53CF82eD86427BeF8a8,12183703.759256518917231889
0x8184f8265524199db20c01f85D88Dc790A162f9e,11682950.227231238444440144
0x0B033c952613C44981c362090a72C9098C90c01b,11591148.316487399873606952
0x215FCF7bF71E9133F5463907d98Fee0e39310418,11532202.656390068689169304
0x9609B68A086cE6d81147B20F0F6c87D75eC5Fb2F,11037904.128189185147784056
0x8600a0C30844a9589004882147C10aEb581A6dE1,11010340.057786481668138563
0x3770A73Aa4A26A6680bA10a684945cfD2747b5b0,11002041.554460508535873359
0xc200c31C50Cb7e6e3BE9b950273113389935C6B3,10882618.136035751006570257
0xDaAb531E0a38c86934387ae9E799C9468d7eCc96,10686549.401031876853529871
0x67A7B853d8c6E315e8CDd5FD1351fA6E6EeF8536,10649434.402313535623448055
0xB07604660279CE829b0504C489747f4348e15803,10320562.168443057675039813
0x1F1d806c522BdD7D9BDe6f2613DD02975239A305,9953780.16326938499892286
0xE540a8D94bd379C4d9c0478c8fe9f7Fe7F0B06e1,9841262.731289146114960701
0xc0338c0664c6f34dA5a97CB3d96e983B3e0b964b,9819998.361998387819606558
0x997F7eB754F7859Ed2a1C0C44210Dbb83a15d729,9736504.634544414016932907
0x32AB97324A638cb6A4B5a163EEF253e13b3823dA,9700483.512515069755196072
0x529853123200A44F7549001bAB057887DF766DC1,9410531.054490034859407257
0xedD0a2e64f12BeD810df5E7215c5d37DbfFdE235,9126457.492413545305188111
0xCdA1b02fb991267dfe25B925e937c57A5D8d6D40,8606013.961974168188546393
0xFAD4c8F1e71E4c56B87733BD916FF7CfF46c6C29,8599645.646630768832111997
0xf2a18d5c4b001466014aD13DFD037C9584D2f7E7,8538803.23803829465934346
0xa088d5aFb3C76c1edD8D95D3Bb785B85c3C31d66,8419875.677657223058490322
0x5AaFc1f252d544f744d17a4E734afd6efC47edE4,8259271.082361855809808524
0xcaBDf3efCC4498f1d582cEA24553C9571de4dD2F,8250941.34956935384205689
0x7129290599a10AcB612E19773A4Ca170aa663afD,7833778.50109093947758629
0x2FfF4F1314302040D0d4F6CC88aC04c76ab3B59e,7738140.595941291852738543
0x7f1aE4Cc24D79161B3a5DB05a3Dbc39d00EB2709,7645012.349775520391053039
0xfc0e63c1EaB99322f81197AdE97A9a687F376696,7627429.992699035210369678
0x9683747137Fd1C5B76323DC762145C45A6180F46,7513422.898444438257483786
0x9aECF6ac5E07D586631DE712F64F9fbc80105f4F,7435936.145224601355954746
0x8E0148576a8f224c57e26a95EafbA96cb3647d64,7217992.531387564613082963
0x2834158609bcDE2A49292aBa4d5765B8407ECEa4,7171836.721551389400418231
0x97A4AF49836094A069b090A907CB1EC4f37Af4b2,7146426.404257531722905026
0x814930BAc2042C21bA05EfB74dB8779608D2E8aC,7110691.575268234326988663
0x736AA8c40a8d245BB0328Db870C0106a7898a10D,7088471.029969283355544699
0x9Dc0e41964085Db1266aa61Cd3AB7f0B71Ff966F,6979687.926474332489272982
0x595096c333919d6050D38e6177f7dd448017C6e7,6924338.042074044610698699
0x7848DA732F2c670783D6bB801E3aBd99E842D406,6401202.326268209721473128
0x5e89bF1BDD9b68c2dA54AB2d91995e339f9F48b2,6399753.869199583903093681
0x8Ffff713BCa5Bc1d66a14401f857BE2b34763Bc5,5860563.736848289540118362
0x1Fa8f6eFd0c94B8DAD70E2D6B0D8Af65565201bA,5685454.291254796669624173
0x573963f100e9C2728496f7C4013a27766BED6ba5,5684935.180463053687960344
0xa3967939EB94521c565a20950bf13300c4F45A2a,5499600.263910735002612411
0x98fcC448Cc309fcA863b15CC04b2Be3cA4d3711A,5478666.248943469404699535
0x578DD6626049088a025a58Ed5bAB6A1DD7646b58,5440596.1562006333947904
0x3F4Ef618d92dFe8f39662640937bb121Eb339DEC,5433151.930950911087804025
0xa4F7a963D0Fbf2Ae3cB224Af9C5897ED40da69Cf,5346857.686156459617619002
0xee6059E44648539f38ebCe132dc832A3b79Eaceb,5259362.191781118828754774
0xE2c787567D26A77F590EBF026cf0E5180045BD03,4934777.792422592561803744
0xFabcdBfe65Fe1c3BEEDA1a0922925117de190178,4842419.103007454626372079
0x113C197d3D8c00a1Ae63EBa114Db5Bc72F62E988,4764401.970409508177482428
0x4E2c3e2cABB67579813D29314f00efe6c8249C16,4730394.292826141859068458
0x41f35485Dea9e5e7C683d1C6CA650e8179c606ba,4693340.328238658562145996
0x55b4C2758cedFCb6c52447a275F657707F3863ab,4675073.829630824448892611
0x7f077d06243119F9aE78743Fb2fE14C0C73161B5,4601743.244307752311576184
0x545322d21D3E186639A1571Aab35833855db1ce2,4487544.24224820230031364
0x83A176D8DF8dACCE80C2f0f6B78d284a9402bD66,4441906.563913991721954996
0xa798A17Ac54E6F6E8Cb30b46fc787A193B49B5Af,4414636.781246182864788491
0x439d14D83E57fC9a662F7f9e6E04C205Ec9327a0,4402119.006620502686459031
0x375629FC6568CCd60b1a62fF4801962947129CB0,4340272.944825971898538096
0x09afED3B4bEa4B21729239df9e3a316F87A1e9c2,4311628.471292125642765085
0xa118361E24c450Ba78700a43c2B10dD945307016,4278507.787076009676640429
0x6e53F0e2F61e79F95409506ABe999e39D42e53d7,4236047.629283727034931412
0x588b69c92ecf251Ed40263ae9665E0999723C900,4225975.913312073188420024
0x718C2048b7B913Ce9A9693bCE38F29544acE99C9,4223537.36509374797258765
0x1962Bdfd6Ec65027bDaD7C539F0561CBFa49B598,4117111.703537312825036534
0xe12E5Ee61853E9CC00562eAFf3B5d166e9350b1a,4069954.096951240104360602
0x8fe83dab1D17185f091569b440B9e3C7EAd1453d,4041395.280832758664603698
0x1bEEa390EB377D9c4faa757058cA6df71794eA7e,3982539.05181641342426954
0x8b1fb4937bAB5D02248a0825bF2564863237b00F,3960567.375216103491311615
0x2edAb1F4b7FfaD638Af8544aCAb3621ce375CbE8,3911452.244890632962893675
0x9FFc6384B9987D5843c76D6D1F7FD72108179807,3910292.936747165372380833
0x7a1Bc21d6A75b9Be74DF6C89b4840Ea8D45eD0f7,3798530.30093365792678788
0x79279c9bD22650a446631Bfae10CD581Bdf8B1E8,3794509.184205753806976683
0x8dF24569a74E094bf75E17d1F0c238D39B5E17B5,3765150.383946534890488539
0x4edbF486e4e99e5f1Cd346b90fa03EcBFf7857c8,3718123.678096987639475654
0xd76a9aed1d8B56a286322B3076eeDbD8663736Bc,3699472.219050025798316863
0xA3df0E5cbA12375D446454BE479D5b73659351E1,3629335.478240316916423135
0x28Be902f7d03D29FF262c19460AB39f323dfE7e9,3627190.038546768992593943
0xe45BFBf3FF0097f034ab6DD8Bf304505bEe1C992,3525455.00107833376168532
0x0a47f7e62e39f28126C213adDF99E6277901C3fD,3511451.367677999521184832
0x916D1f39Dd7583dc7704FBA5B159Ac121CCf3Cca,3469793.020678877820476501
0xD9D94ba95D3200979755044D91EB740aeCf2abBd,3464005.731407516949079183
0x39EF75a6622473e3e786987A30048b19243ABB05,3356654.756239550119805087
0x17C9219e1b2992C8f783e3c50B64673b94F07B65,3319290.593563193768935424
0xb40Cb01f9E4eb1ed3Ae99b89356A8DCAF33B95Ce,3145341.204586610775368251
0xD227Eb4EB56bdb4AB3Af275d87AB8031bd2908A0,3083488.869733839893373383
0x2464E382A196c22De0a84b38BD667ecf4A3e960e,3054723.488486708094981771
0xFcC88B87bff7aE3C03bFD45BE9949fbeDa145167,3017084.581661196882266819
0xab40fe027d7C92123EDB5fe045C7b6F2dc5BF997,2966533.215191736749171006
0x3BCF0B9fd43922326B59542D5D5ECa71C8137BDC,2934751.376140897415172591
0xcC65E20A6D7cD81cE91E99dF663380Bc49809Dfa,2889729.004366297983865235
0xBE6d877b4D5D81d75019faB38cAeF58d83443A95,2875254.903559855141052957
0xC8982fbDbc13b4D2354e9412CccA87232aAFd684,2789014.287967641138031722
0xb7273ff84354eB3C512C89532dEB3c1725Fe4d75,2770302.177245616505107629
0xA3ff7cD0a79F04414D9eBDF8FD33CBBfd9A0CA66,2587683.779473466720964489
0x320C011b5EE7689308420ACc3735a69754a76504,2561043.145703659794970352
0x29A98c45EC2699A7747cf64dE4621D4ac15B1F9A,2554848.953068123229544444
0x4dBD634F46740E660Ec4E7444C94ba43b4B026FD,2472087.239577797564189658
0xe1965a0e19CF898E7bF2BDF27AaAf9d1975d12bB,2452789.918574659291717909
0x2e598bFf6F6be61250339eaD65d5dc65fb937b09,2426508.744683918533656739
0x3536f8D703B7d104a01EB3af7E16Cee316D3e33A,2388475.700515345252035494
0x1d9Abcb01E422fF3476673D608e1cA93c2426FBa,2357383.224018280108785806
0x8974Ef6FfF924111527807345Fe79BE78ebE98E5,2354001.555685311176646638
0xD17a5864357062A38dEeB7f031E74e6Ce6BF1B7F,2252348.882490169200299659
0x1283Fdfb3C3Acc1466dB87Bcf38c77077Ca08233,2205290.512115630656720436
0xdCD045228BFf35Cb551ED20777520e8A69837Ef8,2077053.528507718737326224
0x932fF8d8D5d56160682F52a9310cf1e3bF86368A,2044745.985071083489561911
0x8361CBF8B873408BCa804d92b86E8B375BECC1C3,1980892.554955462641605589
0xd6177fD3F3dF4034c934051324971b6E2562687A,1878863.767407717461957824
0xd49aD351381326aa6dd7f610161650A2ec789435,1861967.27853092301576346
0xc0Dea1B497843938F0A28218337B56180D4208Fe,1837520.055309784459341659
0xa60371B3a6E8dC8c605a9571710C5a02dC11F1C4,1747295.256456031429697091
0x70Ecdabb6Ad8a8C0E14dC2Dba50bACA90cfb4C92,1724734.228155263082126086
0x6f9264ABeE99FacCd8F8c8A3792b2B955f5c1aE8,1723594.342457260068226557
0x38F5E5b4DA37531a6e85161e337e0238bB27aa90,1710250.766492918899860696
0x4F5c47F9Ed74e2A3eCFF123A09b9114d15923Cc7,1707897.68027663270792242
0x8bf9426EFf0732eA7feC9cB70C155cB652A8E853,1703799.977886333046024051
0xbCb1B103205c65a5e7Bf54F005BB494c50f30B54,1671185.330470473936009845
0x0CE35bAc428EE1313B8709386cdD8bFaba75fE4D,1657407.604934835843637936
0x3FEea36C07b879878b9213E466f0F293F7337c09,1574445.951177845275165946
0xF2320B215cf52aBe7aB5BcEBc52D8278721ca30E,1563479.833433360172056576
0x5EfFd5e94e12C458560a37f35f11680027b08221,1550570.984128885667347632
0x8a72e57c49dddb2d737B75c79fe2B35C8F3A8cEf,1520724.025898310598472239
0x0AA617bE743886a0294F017A395502BB622B8000,1515990.285442283782651114
0x6Ad2AbE676A3a6d4E2831753dd7f38666A3d2427,1500670.846356221757499106
0x9463FA02FEe968621A99c5aEa6711D3cb87cF9Cf,1439972.828207202019043326
0x2cffEd5d56eB6a17662756ca0FdF350e732C9818,1432487.117481268640919498
0xaD01C20d5886137e056775af56915de824c8fCe5,1426093.464035112455568979
0xe03235c4A8F5d96CBBCa55E2a4a87C8fDc522843,1411811.880023506621114095
0x29292d614c63d3D2F95F4A221E6d9757Cd5615Da,1377406.052837842131220662
0x8B7c602c648e30cBE9b19f4e8ef0d83D8AD3fBbB,1360113.709549646054015886
0xa2a33F9d4782b09d198E07A3816a78853DE8F04b,1324175.052887204444552332
0x181EE6a4d1442219d619Ff0FB9b4D08755eBB75F,1317501.961699933856331018
0xffd2425866374DE665E38cEeF1B3a9b998D64bC4,1286390.213493800647092711
0xD9bE894EEaD546ED350297C87b5bb2bF2D86756A,1282400.607004965632776271
0xa2fe8E38A14CF7BeECE22aE71E951F78CE233643,1146098.311032009534840551
0x2fFcE1BE78F6c23D6DBEEB81B68Bd9F4bC6CA2B6,1089972.063364674694779749
0x60eE565347D0415916DdE17bEda4CFA8c2E43D81,1086347.803221891386444997
0x1b2BF17292784578681e5b848d60C7b7Beb46E68,1045266.879737283744509115
0xb7C132D2afA7686a4eb3A03c8045058aEda0e7fd,988650.710018132118526697
0x20F6ee51340aDEed01A59B0e65cB3703f3dc860c,951419.527306640618239991
0xcD6b980029E6E6e0733ac8eC3E02be9410D09799,945182.525410500447229534
0xE2bC4d4802b381eb857C7e99B97C611Dd229c353,924403.606397525460595368
0xCe370EbCBC655F845DF7DFb8C079E75B5EA17D93,860225.882474166465069056
0x97359743DcbbB26E3741ce7b4CdDA1CFF149ce0a,854173.417893400585212908
0xC06ebbefD94032B85424D51906e2A335EFAe264B,821879.835076550301239428
0xD31826b68682b4f752642b833De0e41b3ca30FAD,816454.659929969211175615
0xfbC48F862B5b70Fcba3c0557a15fa821447bA268,787528.672741512810377421
0x9E260a50fe6EEDfd55f0aCa9BA6ac6B0A35593Ac,786653.071315284354325655
0xACA66DE4d300390eDC204B246F3A2DeB6f30CeFD,784614.27270098817589438
0x21D624859f4215d45c0049797a1110Ef28D20675,764528.138808427479456743
0xeAA883748F2FD2EaE522b39A2261bf5BdFa2E6bF,763859.835607128519872721
0x8A5827705d3c7a27864086e2D10F7E0F233e6B7A,752247.162489310498901246
0x091d29AE424a45717d75900Da377Bd4CeA2656C2,697076.051984249300551161
0xe53bdb2118585d5B2cD06a117d3A036AFA70677a,670594.30772209077981441
0xAB06f0C80f76776126d1B49dA65C8AB93dcE4809,666730.100137477951570367
0x58F408500bf0dc2A0037D4e2e368f65F331fB6E3,655659.634849118836228096
0x8827D6ed4341144aF6672531a888C9addF378b09,635861.121084261330637308
0x62f9220E61A3cbBE0918780f1b76191fccA2af06,609065.353841464559316376
0x48B8419B2Bc0fB63Ee96e3a370e30B200cC2e672,578041.453332580809957754
0x56E80956B7cC90C64E5Ea1dD00Eb6DD296e884c5,544080.478964459496488483
0x01E7b7EfEE5150B83B4448F85FfEE9d9e867e3c4,520611.511151453976549384
0xBe8B746c230f56F557F02Fe325baed3865176835,472607.633234729036663043
0x7589F108fDb6C5d8AbC2e5b67c2d03BF0a41e4BB,432837.570598746897876477
0xc2afD2C5E6948F31A45555eaC090f65Aa90eF44A,382345.663041828784999027
0xC5760DC85A89Ac7719EdBBe27c769D267d5145AA,376212.227279658265426208
0xE30EB40B3Dd2C7842867dfB201162B8374FADe69,314334.19229505211116738
0x413cDc4376E29534C3aFf8f08d095A2E6CdeB748,308072.386395917997349089
0x87D8E595535114bD20430134CaDdBA3Cc6F6D0db,287491.377347239775794928
0x56556655190952fc747561f7116EA109D36c8856,283446.866742604346662686
0x2CA5dBFd0b8c2416412A3C1Dc37B7bE18056deAc,281755.108198860048450518
0xA4d9D7068d84bbDF2E3Caf1bBF2e1135BCD41984,254952.352914811540597473
0x05036487D03474CDb34347982d05F4e05795172B,223138.262750226142002348
0x48477b50818b75f4b4A5C86D5fcbB35d3c0fb14D,187773.127006668440054087
0x64ce4c98D00550fd35cceB3f6AB89e92c4Fc5265,176406.444429881342351353
0x688cc301CD6A8E0F0646D22a47000048EeF9B45C,173567.915731406550571764
0x626D5d0903FE95Ece17Da93f30FCe147C9564198,162362.397987452054118107
0x48A097DF16c7844a33B1c3d11aB353457846e13F,157929.67414617287534011
0xF7CDB0364bD767C2968083e79F3EcdB5a42e4bc2,140507.683486969662929977
0xc8C06899a29F7Ca21A625c46c4Ccc84890F7d2ea,122054.344535671182492043
0xD59DaBe91222e815912f346a5D9394EAdFa65214,94445.956134554845240117
0xd6e244517df66E7Bcd8675Da717aB76E1e3C77bb,80898.038971109109266904
0x76150E03bf9FBFaF8263adB3D5bA6a6Dc0293e1A,38522.328996297111269553
0xFDdE08b489fDcb3b66F843a9b70d091C8b9414cE,22578.879100228893311119
0x00000000009726632680FB29d3F7A9734E3010E2,12416.677695756366262688
0x1Af40B0Bb35361D554F153c45E0bF297FE43F542,12304.477055697456642622
0xb45704D9C2dC29e3b2dF2E3262a611880D87dEbf,11048.440185838672926385
0x751d759AB3Dd9a6F5a56d2388eb3A525bD2389fb,8467.824108028619776377
0xEc8acB43c45f4B98125dF8cB5F42C963E5b3cfDD,7885.999273543984638801
0xdeDF35B2117584D9d02e252cc521681FB1951b7f,6664.350989599103627956
0xF4F89054E59c458f90DC77F1B3f4bF210a794EF4,4864.641187337324178134
0x75dd20E22Bd95181860Ae535eCBa3cE4af5Aa038,4783.732372217728443106
0x1De7c0E3CB85DDfC0Ab868CFB9b8Acc50B9e7aa8,4265.9238456284741041
0x25CD01Ed4664283753C99b828FBeAE93DE36b172,4002.614145328947467236
0xF69cD0fE7280773BB9B7c93AB68420D07290AFa9,3997.796412923299813983
0x6039e45140EC2661c12b94E52a51b3D562d461C4,2984.534198604127329789
0xF783C06291a922C4f0c9015c2CdcCCB8671a6152,2242.958277633356319993
0x25932F259dB395Caa6e2bE518147073Af5ED713c,1472.308436600105993803
0x946cfE8F3B214e4c2136fb84D698E3065364C1a5,1333.990863644779106675
0xB666Fd9B55572a3cF6d42b16Fb550787670a000f,145.311160443863519918
0xB2938A190F6bCd4aD348D34C52B2627EA7a0d3Ee,1.020355927732803737
0xBf35b67DcDc2005a67AAB80c30A694c4beD3d510,0.954802256790502621
0x2421AAe45D65d4B94e2ac4c222722BE064EF5f44,0.779902164961533907
0x152C735A7A777a9759C8FaCbEf697264f8982B4A,0.759980777418790469
0x5133dc05C98ff6a45304B697af6339e2b38285f5,0.243653027347100922
0xc33B250C3C7F4BA1Dbce1b43b979c13e7F8dB3ac,0.120033076057591817
0x03963610211E06A49fe77C868BB5b77F9F469242,0.06279917182234069
0x40132E775E14EF3a946FA5624468715456FA0bE4,0.014532569301316484
0x240e6d8C873dB804AaF85EE943c51CB1dA77ccda,0.007938160160322393
0xC1F2c7B77BB4eA592394666569c398A6b142a3f3,0.007246664290608413
0x61021d2F873314CD9EF4b60D5ce5F985A057dbA3,0.005851369311557212
0x485627d4c0C2D65167F3aFee2423342B8764236d,0.005054667470716848
0x05488882d5c0d2B656384f33267EA6d81dF52DF8,0.000753278313370604
0xFcdc0826236233ac53b8d80B04f349Db40274212,0.000000679730448603
0x66199aa0764A540DcCA5A6593368B3434C908669,0.000000055810387177
0x7Ac59c2845A8358AF9eb484C7b5D37900F210824,0.000000009857857562
0x10303395E5ebf7f90e795f1e13d5C04E8e79E3a1,0.000000008731405834
0xba2c8CB49a52E83a1e33CDe4e9a1EB893848DCB0,0.000000008010802121
0xFC822C8d2a76EB4DF5ECd1dcDa92d964Ba2e4311,0.000000007995485699
0xF3B9B7cdc116BBBc013f1dE5481F5402Bd3dA2ef,0.000000007705518919
0x3D1f6b29d93dCFc0d7747aC426F60c8AA77A01F9,0.000000006993185011
0xDf92Fa9898c1CD90fD2fd3A3491D01510fedfdD5,0.000000006113961524
0x6d422B2E9d775C8FCee9C11dB737299A5185525b,0.000000005838289096
0x8468A42f47F49defcDa8461Aa4fd6796A35065F4,0.000000005633992641
0xcE8CB3094839fDD3726C4228e273A4E4aE28a822,0.000000004421802254
0x8cDb30C576681FB2960dfF7918986539aDafB4A4,0.000000004252816044
0x0a9D081e2703ffcD8B447B6D9e55c3560DBeA5D5,0.000000004054086544
0xc548A8DD12BCB0Ca1CC655FF3Dff3B18C3e76c13,0.000000003774664854
0x274a3F8Ea50021579C0869f6a829780445dD33c4,0.000000003079822829
0x6fF0136D07b13e31AFBBEd6985DCbC4081ac2fb1,0.000000002762514192
0x2759FC0BCe126a9cF12FbA99Ce3F1EF487E0444C,0.000000002676243605
0xB0C46F6cd92d7fF9203ceb3340029D77a8DddeDE,0.000000002482201036
0x7B2ba2e24214721b81880532f8b69bD840EE7e32,0.000000002108668528
0xd8e9018Ca7DE359CE58a1a136B5B06c3f0e398C8,0.000000000980161615
0x75E2a78dB5CcB7F08f88ACF20325B7176Ce97840,0.000000000866944995
0x0440474215E85a8C31b8ee41721a60Be21916a74,0.000000000589807687
0x9BB0E0Ab8d71A4c374E723916ED2C449726A4696,0.000000000119417861
0x077d6691692c3bC51a97C65B8A89810729b54b43,0.000000000045136346
0x134c665236bf46da96B8d7b8b4f15371e697294a,0.000000000000153956
0x5b1c7635EBf7eC223DD57f20274CDca891Ab5b46,0.000000000000025205
0x99704cFa6C426994F571F239743D4308cD4dCE21,0.000000000000001128
0x8F10B468b06c6FD214B65F87778827F7D113f996,0.000000000000000001
0x2Ca37ff95caF25366eF16fc2E655b78a165D125F,0.000000000000000001
0x114d574247342eafea95b7a9234e62984d48cD9E,0.000000000000000001
